{"schemaVersion":"1.0","appDefinitionTemplate":{"id":"/providers/Microsoft.PowerApps/apps/","type":"Microsoft.PowerApps/apps","tags":{"primaryDeviceWidth":"640","primaryDeviceHeight":"1136","sienaVersion":"20211117T174118Z-3.21111.35.0","deviceCapabilities":"","supportsPortrait":"true","supportsLandscape":"true","primaryFormFactor":"Phone","publisherVersion":"3.21111.35","minimumRequiredApiVersion":"2.2.0","hasComponent":"false","hasUnlockedComponent":"false","isUnifiedRootApp":"false"},"properties":{"appVersion":"2021-11-17T17:41:18Z","lifeCycleId":"Published","createdByClientVersion":{"major":3,"minor":21111,"build":35,"revision":0,"majorRevision":0,"minorRevision":0},"minClientVersion":{"major":3,"minor":21111,"build":35,"revision":0,"majorRevision":0,"minorRevision":0},"backgroundColor":"RGBA(0,176,240,1)","backgroundImageUri":"/6658204409621045914/Ndd1ed529-ecca-415f-8cbf-c78726094f4f-logoSmallFile","displayName":"Agenda","description":"","commitMessage":"","appUris":{"documentUri":{"value":"/6658204409621045914/N61ca387e-fc93-4079-b58a-2cd3e83945ab-document.msapp"},"imageUris":[],"additionalUris":[]},"createdTime":"0001-01-01T00:00:00Z","lastModifiedTime":"0001-01-01T00:00:00Z","sharedGroupsCount":0,"sharedUsersCount":0,"connectionReferences":{"74edd0ca-7b83-43a3-b65f-5084699eb0a3":{"id":"aed94d9c-fec3-4d11-93d2-a2187d18f8fb","displayName":"Excel","iconUri":"https://connectoricons-prod.azureedge.net/releases/v1.0.1533/1.0.1533.2600/excel/icon.png","dataSources":["Tabela1"],"dependencies":["1e53d2c6-abb1-4271-9c4f-b16b8d9cddfd"],"dependents":[],"parameterHints":{"1e53d2c6-abb1-4271-9c4f-b16b8d9cddfd":{"value":"fileSource"}},"parameterHintsV2":{"fileSource":{"value":"1e53d2c6-abb1-4271-9c4f-b16b8d9cddfd"}},"isOnPremiseConnection":false,"bypassConsent":false,"dataSets":{"b!e3WuxPpy_UmecVsheWtxaS5wIc87Fz5OlQQdufLmGeJBkdz7znMuRIgbxvL2UxTv.01GELQGMG2JAOOKW6CYFAIJGB6K45VFOPI":{"dataSources":{"Tabela1":{"tableName":"Tabela1"}}}},"apiTier":"Standard","isCustomApiConnection":false,"actions":["providers/PowerPlatform.Governance/Operations/Read","providers/PowerPlatform.Governance/Operations/Write","providers/PowerPlatform.Governance/Operations/Delete"]},"1e53d2c6-abb1-4271-9c4f-b16b8d9cddfd":{"id":"0ce707eb-949a-4ea7-9d68-5fd44bec807f","displayName":"OneDrive for Business","iconUri":"https://connectoricons-prod.azureedge.net/releases/v1.0.1528/1.0.1528.2589/onedriveforbusiness/icon.png","dataSources":[],"dependencies":[],"dependents":["74edd0ca-7b83-43a3-b65f-5084699eb0a3"],"parameterHints":{},"parameterHintsV2":{},"isOnPremiseConnection":false,"bypassConsent":false,"dataSets":{},"apiTier":"Standard","isCustomApiConnection":false}},"databaseReferences":{},"almMode":"Environment","performanceOptimizationEnabled":true,"canConsumeAppPass":true,"executionRestrictions":{"isTeamsOnly":false,"dataLossPreventionEvaluationResult":{"status":"Compliant","lastEvaluationDate":"2021-11-17T17:18:48.2460007Z","violations":[],"violationsByPolicy":[],"violationErrorMessage":"O aplicativo usa os seguintes conectores: shared_excel, shared_onedriveforbusiness."}}},"appType":"ClassicCanvasApp","appComponents":[]}}