{"schemaVersion":"1.0","appDefinitionTemplate":{"id":"/providers/Microsoft.PowerApps/apps/","type":"Microsoft.PowerApps/apps","tags":{"primaryDeviceWidth":"1366","primaryDeviceHeight":"768","sienaVersion":"20211126T173552Z-3.21111.36.0","deviceCapabilities":"webcam","supportsPortrait":"true","supportsLandscape":"true","primaryFormFactor":"Tablet","publisherVersion":"3.21111.36","minimumRequiredApiVersion":"2.2.0","hasComponent":"false","hasUnlockedComponent":"false","isUnifiedRootApp":"false"},"properties":{"appVersion":"2021-11-26T17:35:52Z","lifeCycleId":"Published","createdByClientVersion":{"major":3,"minor":21111,"build":36,"revision":0,"majorRevision":0,"minorRevision":0},"minClientVersion":{"major":3,"minor":21111,"build":36,"revision":0,"majorRevision":0,"minorRevision":0},"backgroundColor":"RGBA(0,176,240,1)","backgroundImageUri":"/15407138273141347569/Ne971ae82-6ab5-4eda-b2df-136f389f1763-logoSmallFile","displayName":"Controle de Estoque","description":"","commitMessage":"","appUris":{"documentUri":{"value":"/15407138273141347569/N1a82bffc-79c5-4e3d-ba42-c4ddc850d7e9-document.msapp"},"imageUris":[],"additionalUris":[]},"createdTime":"0001-01-01T00:00:00Z","lastModifiedTime":"0001-01-01T00:00:00Z","sharedGroupsCount":0,"sharedUsersCount":0,"connectionReferences":{"d400340d-e752-4992-87fe-079f1a6df599":{"id":"aed94d9c-fec3-4d11-93d2-a2187d18f8fb","displayName":"Excel","iconUri":"https://connectoricons-prod.azureedge.net/releases/v1.0.1533/1.0.1533.2600/excel/icon.png","dataSources":["Movimentacao","Produtos"],"dependencies":["f00ed174-2edd-40e6-bb6b-c37127aca5ff"],"dependents":[],"parameterHints":{"f00ed174-2edd-40e6-bb6b-c37127aca5ff":{"value":"fileSource"}},"parameterHintsV2":{"fileSource":{"value":"f00ed174-2edd-40e6-bb6b-c37127aca5ff"}},"isOnPremiseConnection":false,"bypassConsent":false,"dataSets":{"b!e3WuxPpy_UmecVsheWtxaS5wIc87Fz5OlQQdufLmGeJBkdz7znMuRIgbxvL2UxTv.01GELQGMAP4INKYEKHGJCI4D2YAJPCGUB3":{"dataSources":{"Movimentacao":{"tableName":"Movimentacao"},"Produtos":{"tableName":"Produtos"}}}},"apiTier":"Standard","isCustomApiConnection":false,"actions":["providers/PowerPlatform.Governance/Operations/Read","providers/PowerPlatform.Governance/Operations/Write"]},"f00ed174-2edd-40e6-bb6b-c37127aca5ff":{"id":"0ce707eb-949a-4ea7-9d68-5fd44bec807f","displayName":"OneDrive for Business","iconUri":"https://connectoricons-prod.azureedge.net/releases/v1.0.1528/1.0.1528.2589/onedriveforbusiness/icon.png","dataSources":[],"dependencies":[],"dependents":["d400340d-e752-4992-87fe-079f1a6df599"],"parameterHints":{},"parameterHintsV2":{},"isOnPremiseConnection":false,"bypassConsent":false,"dataSets":{},"apiTier":"Standard","isCustomApiConnection":false}},"databaseReferences":{},"almMode":"Environment","performanceOptimizationEnabled":true,"canConsumeAppPass":true,"executionRestrictions":{"isTeamsOnly":false,"dataLossPreventionEvaluationResult":{"status":"Compliant","lastEvaluationDate":"2021-11-26T00:02:20.684343Z","violations":[],"violationsByPolicy":[],"violationErrorMessage":"O aplicativo usa os seguintes conectores: ."}}},"appType":"ClassicCanvasApp","appComponents":[]}}