{"schemaVersion":"1.0","appDefinitionTemplate":{"id":"/providers/Microsoft.PowerApps/apps/","type":"Microsoft.PowerApps/apps","tags":{"primaryDeviceWidth":"640","primaryDeviceHeight":"1136","supportsPortrait":"true","supportsLandscape":"true","primaryFormFactor":"Phone","publisherVersion":"3.22042.8","minimumRequiredApiVersion":"2.2.0","hasComponent":"false","hasUnlockedComponent":"false","isUnifiedRootApp":"false","sienaVersion":"20220427T011337Z-3.22042.8.0"},"properties":{"appVersion":"2022-04-27T01:13:37Z","lifeCycleId":"Published","createdByClientVersion":{"major":3,"minor":22042,"build":8,"revision":0,"majorRevision":0,"minorRevision":0},"minClientVersion":{"major":3,"minor":22042,"build":8,"revision":0,"majorRevision":0,"minorRevision":0},"backgroundColor":"RGBA(0,176,240,1)","backgroundImageUri":"/17343458949729095435/N8f3967b1-c461-4c98-a454-278c9a1886ad-logoSmallFile","displayName":"CCRV1 -PA na pratica","description":"","commitMessage":"","appUris":{"documentUri":{"value":"/17343458949729095435/Naa194154-e214-4106-a3bf-a3a2f54782d0-document.msapp"},"imageUris":[],"additionalUris":[]},"createdTime":"0001-01-01T00:00:00Z","lastModifiedTime":"0001-01-01T00:00:00Z","sharedGroupsCount":0,"sharedUsersCount":0,"connectionReferences":{"aebe93ed-e8ae-4b54-bb20-17e109c6e387":{"id":"8a27ad16-b909-4da4-99be-3131e8f64da8","displayName":"Usuários do Office 365","iconUri":"https://connectoricons-prod.azureedge.net/releases/v1.0.1563/1.0.1563.2732/office365users/icon.png","dataSources":["UsuáriosdoOffice365"],"dependencies":[],"dependents":[],"parameterHints":{},"parameterHintsV2":{},"isOnPremiseConnection":false,"bypassConsent":false,"dataSets":{},"apiTier":"Standard","isCustomApiConnection":false,"actions":["UserPhoto"]},"9ce7aa56-980c-4dfe-b571-a879ab6a6d59":{"id":"aed94d9c-fec3-4d11-93d2-a2187d18f8fb","displayName":"Excel","iconUri":"https://connectoricons-prod.azureedge.net/releases/v1.0.1570/1.0.1570.2764/excel/icon.png","dataSources":["Tabela2","Tabela1","Tabela3"],"dependencies":["79f13bc8-5a62-46fa-a777-871e7839cea4"],"dependents":[],"parameterHints":{"79f13bc8-5a62-46fa-a777-871e7839cea4":{"value":"fileSource"}},"parameterHintsV2":{"fileSource":{"value":"79f13bc8-5a62-46fa-a777-871e7839cea4"}},"isOnPremiseConnection":false,"bypassConsent":false,"dataSets":{"b!e3WuxPpy_UmecVsheWtxaS5wIc87Fz5OlQQdufLmGeJBkdz7znMuRIgbxvL2UxTv.01GELQGMHRGQCR5CGF4ZBJSCZVZLXFXH4Q":{"dataSources":{"Tabela2":{"tableName":"Tabela2"},"Tabela1":{"tableName":"Tabela1"},"Tabela3":{"tableName":"Tabela3"}}}},"apiTier":"Standard","isCustomApiConnection":false,"actions":["providers/PowerPlatform.Governance/Operations/Read","providers/PowerPlatform.Governance/Operations/Write"]},"79f13bc8-5a62-46fa-a777-871e7839cea4":{"id":"0ce707eb-949a-4ea7-9d68-5fd44bec807f","displayName":"OneDrive for Business","iconUri":"https://connectoricons-prod.azureedge.net/releases/v1.0.1546/1.0.1546.2665/onedriveforbusiness/icon.png","dataSources":[],"dependencies":[],"dependents":["9ce7aa56-980c-4dfe-b571-a879ab6a6d59"],"parameterHints":{},"parameterHintsV2":{},"isOnPremiseConnection":false,"bypassConsent":false,"dataSets":{},"apiTier":"Standard","isCustomApiConnection":false}},"databaseReferences":{},"almMode":"Environment","performanceOptimizationEnabled":true,"canConsumeAppPass":true,"executionRestrictions":{"isTeamsOnly":false,"dataLossPreventionEvaluationResult":{"status":"Compliant","lastEvaluationDate":"2022-04-19T19:36:06.6613385Z","violations":[],"violationsByPolicy":[],"violationErrorMessage":"O aplicativo usa os seguintes conectores: shared_office365users."}}},"appType":"ClassicCanvasApp","appComponents":[]}}